,Re,LbyD,theta,Cdp,Cdv,Cd,Clp,Clv,Cl,Cdp_ref,Cdv_ref,Cd_ref,Clp_ref,Clv_ref,Cl_ref
0,20,2,0,0.8964535859803202,1.6177654331450504,2.514219019125371,0.07718569106116266,-0.04016345017098939,0.03702224089017327,1.0374037500615922,1.7644171639076465,2.8018209139692387,0.11693966739456522,-0.006374130006039513,0.11056553738852572
1,20,2,180,0.47139784284502295,0.9731178854479139,1.4445157282929368,0.1350486987914245,0.09691453780683401,0.23196323659825854,1.0374037500615922,1.7644171639076465,2.8018209139692387,0.11693966739456522,-0.006374130006039513,0.11056553738852572
2,20,2,-180,0.47139784284502295,0.9731178854479139,1.4445157282929368,0.1350486987914245,0.09691453780683401,0.23196323659825854,1.0374037500615922,1.7644171639076465,2.8018209139692387,0.11693966739456522,-0.006374130006039513,0.11056553738852572
3,20,2,15,0.8735454600914452,1.5854760782905666,2.4590215383820118,-0.05271058926458206,-0.1483349534407359,-0.201045542705318,1.0374037500615922,1.7644171639076465,2.8018209139692387,0.11693966739456522,-0.006374130006039513,0.11056553738852572
4,20,2,30,0.9255471095775187,1.6515190134759796,2.5770661230534984,-0.18263730001544595,-0.2696199327535733,-0.45225723276901925,1.0374037500615922,1.7644171639076465,2.8018209139692387,0.11693966739456522,-0.006374130006039513,0.11056553738852572
5,20,2,45,1.0545377346150933,1.7585602620018648,2.8130979966169583,-0.25998532911856237,-0.3549830047907976,-0.6149683339093599,1.0374037500615922,1.7644171639076465,2.8018209139692387,0.11693966739456522,-0.006374130006039513,0.11056553738852572
6,20,2,60,1.200373318829514,1.8886089491011142,3.0889822679306285,-0.25357584125036553,-0.3822099592154143,-0.6357858004657797,1.0374037500615922,1.7644171639076465,2.8018209139692387,0.11693966739456522,-0.006374130006039513,0.11056553738852572
7,20,2,75,1.2927583069559527,1.9628897441409636,3.2556480510969164,-0.17694973896911398,-0.3437848629948518,-0.5207346019639657,1.0374037500615922,1.7644171639076465,2.8018209139692387,0.11693966739456522,-0.006374130006039513,0.11056553738852572
8,20,2,90,1.2930256872603472,1.9988332964888373,3.2918589837491843,-0.07348323778902728,-0.2734320119505104,-0.3469152497395377,1.0374037500615922,1.7644171639076465,2.8018209139692387,0.11693966739456522,-0.006374130006039513,0.11056553738852572
9,20,2,105,1.2100155619017934,1.9231137407634373,3.1331293026652305,0.010218498557831076,-0.173666054183242,-0.1634475556254109,1.0374037500615922,1.7644171639076465,2.8018209139692387,0.11693966739456522,-0.006374130006039513,0.11056553738852572
10,20,2,120,1.0632008564774713,1.8019140685000972,2.8651149249775685,0.06644222310664183,-0.05908073403084655,0.007361489075795284,1.0374037500615922,1.7644171639076465,2.8018209139692387,0.11693966739456522,-0.006374130006039513,0.11056553738852572
11,20,2,135,0.8496671256694819,1.5334769752835828,2.3831441009530647,0.11469303621788003,0.05969812788608863,0.17439116410396865,1.0374037500615922,1.7644171639076465,2.8018209139692387,0.11693966739456522,-0.006374130006039513,0.11056553738852572
12,20,2,150,0.5971047830967257,1.200801127316545,1.7979059104132709,0.14600237859478113,0.14261428816624086,0.288616666761022,1.0374037500615922,1.7644171639076465,2.8018209139692387,0.11693966739456522,-0.006374130006039513,0.11056553738852572
13,20,2,165,0.43990171622690927,0.9499461989732787,1.3898479152001877,0.1451212968298244,0.14722086883909266,0.2923421656689171,1.0374037500615922,1.7644171639076465,2.8018209139692387,0.11693966739456522,-0.006374130006039513,0.11056553738852572
14,20,2,-165,0.6396971923472062,1.184196810413654,1.8238940027608601,0.13696619754579567,0.04290218843171473,0.1798683859775104,1.0374037500615922,1.7644171639076465,2.8018209139692387,0.11693966739456522,-0.006374130006039513,0.11056553738852572
15,20,2,-150,0.805792564197453,1.408419387199695,2.214211951397148,0.14903014223216132,0.022847137714682234,0.17187727994684354,1.0374037500615922,1.7644171639076465,2.8018209139692387,0.11693966739456522,-0.006374130006039513,0.11056553738852572
16,20,2,-135,0.9139746353554209,1.5532376530178724,2.467212288373293,0.15933956282588194,0.03036523525447995,0.1897047980803619,1.0374037500615922,1.7644171639076465,2.8018209139692387,0.11693966739456522,-0.006374130006039513,0.11056553738852572
17,20,2,-120,0.9872864951017267,1.6431792944579642,2.630465789559691,0.16918043126714002,0.045083502419755006,0.21426393368689503,1.0374037500615922,1.7644171639076465,2.8018209139692387,0.11693966739456522,-0.006374130006039513,0.11056553738852572
18,20,2,-105,1.0396395587021472,1.6858328192065923,2.7254723779087398,0.1872158694183136,0.0594776027969405,0.2466934722152541,1.0374037500615922,1.7644171639076465,2.8018209139692387,0.11693966739456522,-0.006374130006039513,0.11056553738852572
19,20,2,-90,1.07111658672709,1.7243737802257257,2.7954903669528157,0.2119803785634125,0.07814431311439377,0.29012469167780625,1.0374037500615922,1.7644171639076465,2.8018209139692387,0.11693966739456522,-0.006374130006039513,0.11056553738852572
20,20,2,-75,1.0823745707816381,1.7364822882961568,2.818856859077795,0.23689767645387963,0.09506044638179068,0.33195812283567033,1.0374037500615922,1.7644171639076465,2.8018209139692387,0.11693966739456522,-0.006374130006039513,0.11056553738852572
21,20,2,-60,1.074558153216509,1.7330445415253721,2.807602694741881,0.25583584144227045,0.10754748856887184,0.3633833300111423,1.0374037500615922,1.7644171639076465,2.8018209139692387,0.11693966739456522,-0.006374130006039513,0.11056553738852572
22,20,2,-45,1.045044460569548,1.7128127651595304,2.7578572257290785,0.25867007266885095,0.10729806094205822,0.36596813361090913,1.0374037500615922,1.7644171639076465,2.8018209139692387,0.11693966739456522,-0.006374130006039513,0.11056553738852572
23,20,2,-30,0.9977754424712549,1.6805488750959412,2.678324317567196,0.23271763102851412,0.08443615364865704,0.31715378467717115,1.0374037500615922,1.7644171639076465,2.8018209139692387,0.11693966739456522,-0.006374130006039513,0.11056553738852572
24,20,2,-15,0.9458858380651182,1.6464769848788283,2.5923628229439464,0.1726092653611118,0.03595564812354863,0.2085649134846604,1.0374037500615922,1.7644171639076465,2.8018209139692387,0.11693966739456522,-0.006374130006039513,0.11056553738852572
25,20,3,0,0.8777267787563555,1.5944142198946076,2.4721409986509633,0.030632742882828808,-0.05266640785237974,-0.022033664969550937,1.0167759961973377,1.7394744012262846,2.7562503974236225,0.06543165287998554,-0.021217900393239116,0.04421375248674642
26,20,3,180,0.4355790679725334,0.9388078994359355,1.3743869674084688,0.0830436115585802,0.0505440448552607,0.13358765641384093,1.0167759961973377,1.7394744012262846,2.7562503974236225,0.06543165287998554,-0.021217900393239116,0.04421375248674642
27,20,3,-180,0.4355790679725334,0.9388078994359355,1.3743869674084688,0.0830436115585802,0.0505440448552607,0.13358765641384093,1.0167759961973377,1.7394744012262846,2.7562503974236225,0.06543165287998554,-0.021217900393239116,0.04421375248674642
28,20,3,15,0.8663351045496099,1.5764233451274996,2.4427584496771093,-0.0865671746746803,-0.1492185816847821,-0.23578575635946242,1.0167759961973377,1.7394744012262846,2.7562503974236225,0.06543165287998554,-0.021217900393239116,0.04421375248674642
29,20,3,30,0.9109443252389511,1.62166154615194,2.532605871390891,-0.20468471597208004,-0.2560293738530702,-0.4607140898251502,1.0167759961973377,1.7394744012262846,2.7562503974236225,0.06543165287998554,-0.021217900393239116,0.04421375248674642
30,20,3,45,1.020530779614762,1.7105845959562438,2.731115375571006,-0.2774223446837104,-0.33354292409700215,-0.6109652687807126,1.0167759961973377,1.7394744012262846,2.7562503974236225,0.06543165287998554,-0.021217900393239116,0.04421375248674642
31,20,3,60,1.1386059220353217,1.8114888298765053,2.950094751911827,-0.27721989959609755,-0.35855953467195867,-0.6357794342680562,1.0167759961973377,1.7394744012262846,2.7562503974236225,0.06543165287998554,-0.021217900393239116,0.04421375248674642
32,20,3,75,1.2114110324428233,1.8686700178305617,3.080081050273385,-0.21598599017114933,-0.3269080728293873,-0.5428940630005367,1.0167759961973377,1.7394744012262846,2.7562503974236225,0.06543165287998554,-0.021217900393239116,0.04421375248674642
33,20,3,90,1.2016758428837782,1.8810077090190453,3.0826835519028233,-0.12932803351692942,-0.2656028619899339,-0.39493089550686333,1.0167759961973377,1.7394744012262846,2.7562503974236225,0.06543165287998554,-0.021217900393239116,0.04421375248674642
34,20,3,105,1.1234149010270866,1.8076945760331946,2.9311094770602812,-0.05308886873332287,-0.1792784940964346,-0.23236736282975748,1.0167759961973377,1.7394744012262846,2.7562503974236225,0.06543165287998554,-0.021217900393239116,0.04421375248674642
35,20,3,120,0.9865149119376173,1.6882647067370364,2.6747796186746537,0.0020006540290378088,-0.08041271668729394,-0.07841206265825612,1.0167759961973377,1.7394744012262846,2.7562503974236225,0.06543165287998554,-0.021217900393239116,0.04421375248674642
36,20,3,135,0.8062216459240287,1.4654605188038303,2.271682164727859,0.04910235571875708,0.020947846285800792,0.07005020200455787,1.0167759961973377,1.7394744012262846,2.7562503974236225,0.06543165287998554,-0.021217900393239116,0.04421375248674642
37,20,3,150,0.5892310697520834,1.182350613073788,1.7715816828258713,0.08123331957387575,0.0899271265092819,0.17116044608315767,1.0167759961973377,1.7394744012262846,2.7562503974236225,0.06543165287998554,-0.021217900393239116,0.04421375248674642
38,20,3,165,0.43746728221737563,0.9542357429994914,1.391703025216867,0.08757596236597397,0.09472201931080006,0.18229798167677402,1.0167759961973377,1.7394744012262846,2.7562503974236225,0.06543165287998554,-0.021217900393239116,0.04421375248674642
39,20,3,-165,0.5708862343915392,1.1104507759825932,1.6813370103741325,0.09026937329890672,0.012904028137981926,0.10317340143688865,1.0167759961973377,1.7394744012262846,2.7562503974236225,0.06543165287998554,-0.021217900393239116,0.04421375248674642
40,20,3,-150,0.7341766595247343,1.3240290701746482,2.0582057296993823,0.11037586289354653,0.011019378963864939,0.12139524185741148,1.0167759961973377,1.7394744012262846,2.7562503974236225,0.06543165287998554,-0.021217900393239116,0.04421375248674642
41,20,3,-135,0.856224309324868,1.481745252580993,2.337969561905861,0.12811208975170732,0.0312515373015701,0.15936362705327742,1.0167759961973377,1.7394744012262846,2.7562503974236225,0.06543165287998554,-0.021217900393239116,0.04421375248674642
42,20,3,-120,0.9412015897800375,1.5822929794287288,2.5234945692087662,0.14318597272182693,0.0539469048625199,0.1971328775843468,1.0167759961973377,1.7394744012262846,2.7562503974236225,0.06543165287998554,-0.021217900393239116,0.04421375248674642
43,20,3,-105,1.0040346880731732,1.6372587305749458,2.641293418648119,0.16505513514219808,0.07510852806788172,0.24016366321007981,1.0167759961973377,1.7394744012262846,2.7562503974236225,0.06543165287998554,-0.021217900393239116,0.04421375248674642
44,20,3,-90,1.042578195571396,1.6833118049080167,2.725890000479412,0.19389401083044952,0.09581598672763651,0.289709997558086,1.0167759961973377,1.7394744012262846,2.7562503974236225,0.06543165287998554,-0.021217900393239116,0.04421375248674642
45,20,3,-75,1.051914861152939,1.69719011594563,2.7491049770985687,0.2209605370724296,0.11167889624362849,0.33263943331605805,1.0167759961973377,1.7394744012262846,2.7562503974236225,0.06543165287998554,-0.021217900393239116,0.04421375248674642
46,20,3,-60,1.0351030062042559,1.6912822844580588,2.7263852906623147,0.23456892132655904,0.11658379694181176,0.3511527182683708,1.0167759961973377,1.7394744012262846,2.7562503974236225,0.06543165287998554,-0.021217900393239116,0.04421375248674642
47,20,3,-45,0.9984031495668095,1.6697008741747976,2.668104023741607,0.22470513457349572,0.10381740599861569,0.32852254057211144,1.0167759961973377,1.7394744012262846,2.7562503974236225,0.06543165287998554,-0.021217900393239116,0.04421375248674642
48,20,3,-30,0.9549831346122509,1.6430137733171486,2.5979969079294,0.1873317342168845,0.07153288945440198,0.25886462367128643,1.0167759961973377,1.7394744012262846,2.7562503974236225,0.06543165287998554,-0.021217900393239116,0.04421375248674642
49,20,3,-15,0.9129573169591774,1.6155372639417638,2.5284945809009414,0.1228378222615964,0.020104707059277166,0.14294252932087356,1.0167759961973377,1.7394744012262846,2.7562503974236225,0.06543165287998554,-0.021217900393239116,0.04421375248674642
50,20,4,0,0.8709544176179091,1.5829041344102017,2.4538585520281107,0.01771712826498979,-0.047328096413168624,-0.02961096814817884,1.0098877702603206,1.728944710191325,2.738832480451645,0.04642129520940825,-0.020731522887150286,0.025689772322257963
51,20,4,180,0.42844383356383753,0.9303841466079676,1.358827980171805,0.0599646169228017,0.03283595659103853,0.09280057351384023,1.0098877702603206,1.728944710191325,2.738832480451645,0.04642129520940825,-0.020731522887150286,0.025689772322257963
52,20,4,-180,0.42844383356383753,0.9303841466079676,1.358827980171805,0.0599646169228017,0.03283595659103853,0.09280057351384023,1.0098877702603206,1.728944710191325,2.738832480451645,0.04642129520940825,-0.020731522887150286,0.025689772322257963
53,20,4,15,0.8651318931798353,1.5694969220041404,2.4346288151839754,-0.09494916524558081,-0.13854883429990147,-0.2334979995454823,1.0098877702603206,1.728944710191325,2.738832480451645,0.04642129520940825,-0.020731522887150286,0.025689772322257963
54,20,4,30,0.9093858800361952,1.611119122721533,2.5205050027577283,-0.20586882874868373,-0.23810725402137806,-0.4439760827700618,1.0098877702603206,1.728944710191325,2.738832480451645,0.04642129520940825,-0.020731522887150286,0.025689772322257963
55,20,4,45,1.0067746995734432,1.687195185519459,2.693969885092902,-0.27542845155665513,-0.30985048264857024,-0.5852789342052254,1.0098877702603206,1.728944710191325,2.738832480451645,0.04642129520940825,-0.020731522887150286,0.025689772322257963
56,20,4,60,1.1129501452089083,1.7758508550193681,2.8888010002282765,-0.27834544335364336,-0.3339961973749279,-0.6123416407285712,1.0098877702603206,1.728944710191325,2.738832480451645,0.04642129520940825,-0.020731522887150286,0.025689772322257963
57,20,4,75,1.1750243927333817,1.823457281597016,2.9984816743303977,-0.22372728660313912,-0.3068239922507348,-0.530551278853874,1.0098877702603206,1.728944710191325,2.738832480451645,0.04642129520940825,-0.020731522887150286,0.025689772322257963
58,20,4,90,1.1652331806343683,1.830332775138586,2.995565955772954,-0.14487683483723524,-0.24928247750551857,-0.3941593123427538,1.0098877702603206,1.728944710191325,2.738832480451645,0.04642129520940825,-0.020731522887150286,0.025689772322257963
59,20,4,105,1.0860516865868333,1.755415360326369,2.8414670469132024,-0.07365537977547548,-0.16907729886401648,-0.24273267863949194,1.0098877702603206,1.728944710191325,2.738832480451645,0.04642129520940825,-0.020731522887150286,0.025689772322257963
60,20,4,120,0.9606401379095093,1.6449363650296989,2.605576502939208,-0.019620494060414388,-0.07977176790047426,-0.09939226196088864,1.0098877702603206,1.728944710191325,2.738832480451645,0.04642129520940825,-0.020731522887150286,0.025689772322257963
61,20,4,135,0.7924719320804336,1.4385824320144711,2.2310543640949048,0.02459453166587677,0.010274610224567552,0.03486914189044432,1.0098877702603206,1.728944710191325,2.738832480451645,0.04642129520940825,-0.020731522887150286,0.025689772322257963
62,20,4,150,0.5934340334892542,1.1797672100375203,1.7732012435267743,0.05553234274362412,0.07245496953269917,0.1279873122763233,1.0098877702603206,1.728944710191325,2.738832480451645,0.04642129520940825,-0.020731522887150286,0.025689772322257963
63,20,4,165,0.44435932787302707,0.9618267971652025,1.4061861250382295,0.06348919863053758,0.07580486277489738,0.13929406140543496,1.0098877702603206,1.728944710191325,2.738832480451645,0.04642129520940825,-0.020731522887150286,0.025689772322257963
64,20,4,-165,0.5446218490627421,1.0812566664613608,1.625878515524103,0.06457667252569588,-0.004929537883373893,0.059647134642321985,1.0098877702603206,1.728944710191325,2.738832480451645,0.04642129520940825,-0.020731522887150286,0.025689772322257963
65,20,4,-150,0.6993981213602933,1.2891677714397995,1.9885658928000929,0.08271002279785959,-0.005456404406985303,0.07725361839087429,1.0098877702603206,1.728944710191325,2.738832480451645,0.04642129520940825,-0.020731522887150286,0.025689772322257963
66,20,4,-135,0.8275127575910901,1.4494049681447199,2.27691772573581,0.10248814391391219,0.019220060223595178,0.12170820413750737,1.0098877702603206,1.728944710191325,2.738832480451645,0.04642129520940825,-0.020731522887150286,0.025689772322257963
67,20,4,-120,0.9164536327490201,1.5559114560618164,2.4723650888108364,0.12240975912665644,0.050290288213994984,0.17270004734065145,1.0098877702603206,1.728944710191325,2.738832480451645,0.04642129520940825,-0.020731522887150286,0.025689772322257963
68,20,4,-105,0.9898775375752628,1.6197007572530477,2.6095782948283106,0.14958018171548693,0.07913349291669852,0.22871367463218545,1.0098877702603206,1.728944710191325,2.738832480451645,0.04642129520940825,-0.020731522887150286,0.025689772322257963
69,20,4,-90,1.0311050340337875,1.6691024515887722,2.7002074856225597,0.1836317000998841,0.10610643605214058,0.2897381361520247,1.0098877702603206,1.728944710191325,2.738832480451645,0.04642129520940825,-0.020731522887150286,0.025689772322257963
70,20,4,-75,1.0474305114763816,1.6880864532007736,2.735516964677155,0.21526279010973975,0.12562367038547695,0.34088646049521665,1.0098877702603206,1.728944710191325,2.738832480451645,0.04642129520940825,-0.020731522887150286,0.025689772322257963
71,20,4,-60,1.0255473434210183,1.6808926497730199,2.706439993194038,0.23085488157456655,0.13167206751878685,0.36252694909335337,1.0098877702603206,1.728944710191325,2.738832480451645,0.04642129520940825,-0.020731522887150286,0.025689772322257963
72,20,4,-45,0.9883292782888649,1.6577451548497346,2.6460744331385992,0.22092233988608756,0.11764249562325904,0.3385648355093466,1.0098877702603206,1.728944710191325,2.738832480451645,0.04642129520940825,-0.020731522887150286,0.025689772322257963
73,20,4,-30,0.9391631332689165,1.6283842509481419,2.567547384217058,0.17890034195164825,0.08103329364139786,0.25993363559304616,1.0098877702603206,1.728944710191325,2.738832480451645,0.04642129520940825,-0.020731522887150286,0.025689772322257963
74,20,4,-15,0.9006641891547594,1.6015570937405719,2.502221282895331,0.10989954397986111,0.02583390303872198,0.1357334470185831,1.0098877702603206,1.728944710191325,2.738832480451645,0.04642129520940825,-0.020731522887150286,0.025689772322257963
75,50,2,0,0.5901974585665373,0.8758003673251712,1.4659978258917084,0.044210696711839054,-0.043435446617840705,0.0007752500939983494,0.6751021643676569,0.9415810151643685,1.6166831795320253,0.058339835939765154,-0.03266032592823776,0.025679510011527393
76,50,2,180,0.24775459005183637,0.456570968346582,0.7043255583984184,0.0813926018409221,0.03570397959513627,0.11709658143605838,0.6751021643676569,0.9415810151643685,1.6166831795320253,0.058339835939765154,-0.03266032592823776,0.025679510011527393
77,50,2,-180,0.24775459005183637,0.456570968346582,0.7043255583984184,0.0813926018409221,0.03570397959513627,0.11709658143605838,0.6751021643676569,0.9415810151643685,1.6166831795320253,0.058339835939765154,-0.03266032592823776,0.025679510011527393
78,50,2,15,0.5811931085061702,0.8739669023807525,1.4551600108869227,0.016082696126204155,-0.07954589520523823,-0.06346319907903408,0.6751021643676569,0.9415810151643685,1.6166831795320253,0.058339835939765154,-0.03266032592823776,0.025679510011527393
79,50,2,30,0.6419368207063954,0.9241936559414652,1.5661304766478605,-0.02910951548588034,-0.11874028275872969,-0.14784979824461003,0.6751021643676569,0.9415810151643685,1.6166831795320253,0.058339835939765154,-0.03266032592823776,0.025679510011527393
80,50,2,45,0.7362482202640184,0.9939213463693416,1.73016956663336,-0.08404807023542177,-0.1550571489411197,-0.23910521917654146,0.6751021643676569,0.9415810151643685,1.6166831795320253,0.058339835939765154,-0.03266032592823776,0.025679510011527393
81,50,2,60,0.8260930954987105,1.039100978374724,1.8651940738734347,-0.09585762166074935,-0.16758480746967788,-0.26344242913042726,0.6751021643676569,0.9415810151643685,1.6166831795320253,0.058339835939765154,-0.03266032592823776,0.025679510011527393
82,50,2,75,0.8747461249821303,1.0835166666532654,1.958262791635396,-0.05664235297872424,-0.1593622264897782,-0.21600457946850246,0.6751021643676569,0.9415810151643685,1.6166831795320253,0.058339835939765154,-0.03266032592823776,0.025679510011527393
83,50,2,90,0.8590801856237089,1.0907995968491506,1.9498797824728593,0.00876936096999075,-0.1293295614043831,-0.12056020043439235,0.6751021643676569,0.9415810151643685,1.6166831795320253,0.058339835939765154,-0.03266032592823776,0.025679510011527393
84,50,2,105,0.7868722245626885,1.0714056121037447,1.8582778366664332,0.06720412965021136,-0.08693017526888429,-0.019726045618672933,0.6751021643676569,0.9415810151643685,1.6166831795320253,0.058339835939765154,-0.03266032592823776,0.025679510011527393
85,50,2,120,0.696803259168123,1.0308962227484506,1.7276994819165736,0.0889882396689942,-0.03439132055409611,0.054596919114898085,0.6751021643676569,0.9415810151643685,1.6166831795320253,0.058339835939765154,-0.03266032592823776,0.025679510011527393
86,50,2,135,0.614852469110789,0.9600480815212074,1.5749005506319962,0.058958630358506445,0.01678878384813249,0.07574741420663894,0.6751021643676569,0.9415810151643685,1.6166831795320253,0.058339835939765154,-0.03266032592823776,0.025679510011527393
87,50,2,150,0.48798637157755953,0.76974969916509,1.2577360707426495,0.03574013959820675,0.06528510300838652,0.10102524260659328,0.6751021643676569,0.9415810151643685,1.6166831795320253,0.058339835939765154,-0.03266032592823776,0.025679510011527393
88,50,2,165,0.2910085745697614,0.5200419596516299,0.8110505342213913,0.06868312470537571,0.08222530050317892,0.15090842520855463,0.6751021643676569,0.9415810151643685,1.6166831795320253,0.058339835939765154,-0.03266032592823776,0.025679510011527393
89,50,2,-165,0.4216454983386786,0.635275231408341,1.0569207297470196,0.09545578726043094,-0.020549933463280157,0.07490585379715078,0.6751021643676569,0.9415810151643685,1.6166831795320253,0.058339835939765154,-0.03266032592823776,0.025679510011527393
90,50,2,-150,0.5571441599852125,0.8080487446707236,1.3651929046559361,0.10784389873488616,-0.032458950361842445,0.07538494837304371,0.6751021643676569,0.9415810151643685,1.6166831795320253,0.058339835939765154,-0.03266032592823776,0.025679510011527393
91,50,2,-135,0.6030266202192889,0.8783875900800729,1.4814142102993617,0.08968648423532696,-0.026612030654091425,0.06307445358123553,0.6751021643676569,0.9415810151643685,1.6166831795320253,0.058339835939765154,-0.03266032592823776,0.025679510011527393
92,50,2,-120,0.6403223529636711,0.9154032101246137,1.5557255630882847,0.07811426466113802,-0.02017218875514813,0.0579420759059899,0.6751021643676569,0.9415810151643685,1.6166831795320253,0.058339835939765154,-0.03266032592823776,0.025679510011527393
93,50,2,-105,0.6725047556963971,0.9312219382284034,1.6037266939248005,0.08294799126877059,-0.013352768683128388,0.0695952225856422,0.6751021643676569,0.9415810151643685,1.6166831795320253,0.058339835939765154,-0.03266032592823776,0.025679510011527393
94,50,2,-90,0.6967064929627231,0.9508247342591458,1.6475312272218687,0.0976208037822986,-0.0031240816624603426,0.09449672211983826,0.6751021643676569,0.9415810151643685,1.6166831795320253,0.058339835939765154,-0.03266032592823776,0.025679510011527393
95,50,2,-75,0.7046566006800495,0.9552861656238979,1.6599427663039474,0.11558621375851175,0.007434394772126825,0.12302060853063856,0.6751021643676569,0.9415810151643685,1.6166831795320253,0.058339835939765154,-0.03266032592823776,0.025679510011527393
96,50,2,-60,0.6984482846599208,0.9517771174386077,1.6502254020985285,0.13005989160724318,0.01639907068827995,0.14645896229552313,0.6751021643676569,0.9415810151643685,1.6166831795320253,0.058339835939765154,-0.03266032592823776,0.025679510011527393
97,50,2,-45,0.6693012850018435,0.9328109411802328,1.6021122261820762,0.13083351195462425,0.016578750252832973,0.14741226220745723,0.6751021643676569,0.9415810151643685,1.6166831795320253,0.058339835939765154,-0.03266032592823776,0.025679510011527393
98,50,2,-30,0.6348830736285626,0.9117311872775975,1.54661426090616,0.11198294584691125,0.004044929244878244,0.1160278750917895,0.6751021643676569,0.9415810151643685,1.6166831795320253,0.058339835939765154,-0.03266032592823776,0.025679510011527393
99,50,2,-15,0.6107068011531313,0.8966458451515752,1.5073526463047064,0.08222122613663575,-0.01657513425252593,0.06564609188410983,0.6751021643676569,0.9415810151643685,1.6166831795320253,0.058339835939765154,-0.03266032592823776,0.025679510011527393
100,50,3,0,0.5787637674548156,0.8605622364537806,1.4393260039085962,0.024642889303785814,-0.03531976683011699,-0.010676877526331176,0.6625836731638208,0.9262970476693676,1.5888807208331885,0.035734690132955285,-0.026087761539151277,0.00964692859380401
101,50,3,180,0.23430052243052885,0.4448490158019322,0.6791495382324612,0.05307422647855842,0.020263301776969375,0.07333752825552779,0.6625836731638208,0.9262970476693676,1.5888807208331885,0.035734690132955285,-0.026087761539151277,0.00964692859380401
102,50,3,-180,0.23430052243052885,0.4448490158019322,0.6791495382324612,0.05307422647855842,0.020263301776969375,0.07333752825552779,0.6625836731638208,0.9262970476693676,1.5888807208331885,0.035734690132955285,-0.026087761539151277,0.00964692859380401
103,50,3,15,0.5720003189931824,0.8616419435877161,1.4336422625808982,-0.006890008472379859,-0.06959272703613452,-0.07648273550851438,0.6625836731638208,0.9262970476693676,1.5888807208331885,0.035734690132955285,-0.026087761539151277,0.00964692859380401
104,50,3,30,0.6228484134517258,0.898117710065289,1.5209661235170149,-0.048763546675903054,-0.10561165516505648,-0.15437520184095954,0.6625836731638208,0.9262970476693676,1.5888807208331885,0.035734690132955285,-0.026087761539151277,0.00964692859380401
105,50,3,45,0.7065766459135101,0.9611481604878586,1.6677248064013686,-0.09430681589526192,-0.1364189591894685,-0.2307257750847304,0.6625836731638208,0.9262970476693676,1.5888807208331885,0.035734690132955285,-0.026087761539151277,0.00964692859380401
106,50,3,60,0.782619604483273,0.9999004792714179,1.7825200837546908,-0.1036014645718286,-0.14642713130690477,-0.2500285958787334,0.6625836731638208,0.9262970476693676,1.5888807208331885,0.035734690132955285,-0.026087761539151277,0.00964692859380401
107,50,3,75,0.8185809821847729,1.0318791636769862,1.8504601458617593,-0.07051506176234068,-0.1370260398043982,-0.2075411015667389,0.6625836731638208,0.9262970476693676,1.5888807208331885,0.035734690132955285,-0.026087761539151277,0.00964692859380401
108,50,3,90,0.7994671101392087,1.0292919409220844,1.8287590510612932,-0.016121606326691264,-0.11050700656665424,-0.12662861289334548,0.6625836731638208,0.9262970476693676,1.5888807208331885,0.035734690132955285,-0.026087761539151277,0.00964692859380401
109,50,3,105,0.7320872734318238,1.0075399165398289,1.7396271899716527,0.03300241992911721,-0.0747274474721425,-0.04172502754302528,0.6625836731638208,0.9262970476693676,1.5888807208331885,0.035734690132955285,-0.026087761539151277,0.00964692859380401
110,50,3,120,0.6506457791923839,0.9677384483714078,1.6183842275637914,0.049305284637396966,-0.03204947652425562,0.017255808113141348,0.6625836731638208,0.9262970476693676,1.5888807208331885,0.035734690132955285,-0.026087761539151277,0.00964692859380401
111,50,3,135,0.5763089616125662,0.899920617260634,1.4762295788732,0.024080372072921817,0.011332748680615156,0.035413120753536975,0.6625836731638208,0.9262970476693676,1.5888807208331885,0.035734690132955285,-0.026087761539151277,0.00964692859380401
112,50,3,150,0.46735377940303513,0.7358204117769874,1.2031741911800227,0.008748021475220987,0.052003686669345094,0.06075170814456608,0.6625836731638208,0.9262970476693676,1.5888807208331885,0.035734690132955285,-0.026087761539151277,0.00964692859380401
113,50,3,165,0.28978779249426934,0.5159421283175826,0.805729920811852,0.04013704318283159,0.06513995370028672,0.10527699688311831,0.6625836731638208,0.9262970476693676,1.5888807208331885,0.035734690132955285,-0.026087761539151277,0.00964692859380401
114,50,3,-165,0.3802916965173163,0.5983665634855582,0.9786582600028745,0.06530649343273806,-0.03168558466237031,0.03362090877036776,0.6625836731638208,0.9262970476693676,1.5888807208331885,0.035734690132955285,-0.026087761539151277,0.00964692859380401
115,50,3,-150,0.5131868379427758,0.7659554453217792,1.279142283264555,0.08250184813229539,-0.036391274301384315,0.04611057383091108,0.6625836731638208,0.9262970476693676,1.5888807208331885,0.035734690132955285,-0.026087761539151277,0.00964692859380401
116,50,3,-135,0.568516735598787,0.8457468211112424,1.4142635567100295,0.0711308004061746,-0.021393734774367047,0.04973706563180755,0.6625836731638208,0.9262970476693676,1.5888807208331885,0.035734690132955285,-0.026087761539151277,0.00964692859380401
117,50,3,-120,0.6109308913130047,0.8860473991811998,1.4969782904942044,0.060537447393978046,-0.009062053276534468,0.05147539411744358,0.6625836731638208,0.9262970476693676,1.5888807208331885,0.035734690132955285,-0.026087761539151277,0.00964692859380401
118,50,3,-105,0.6506712439832786,0.9070507587111509,1.5577220026944294,0.06433781278710356,0.0008708754767661355,0.06520868826386969,0.6625836731638208,0.9262970476693676,1.5888807208331885,0.035734690132955285,-0.026087761539151277,0.00964692859380401
119,50,3,-90,0.6794260858615775,0.9287773183025118,1.6082034041640891,0.07979545015600634,0.010899898164986991,0.09069534832099332,0.6625836731638208,0.9262970476693676,1.5888807208331885,0.035734690132955285,-0.026087761539151277,0.00964692859380401
120,50,3,-75,0.6888684303253335,0.9354745583078187,1.6243429886331522,0.09795999479701606,0.020363021898113034,0.11832301669512908,0.6625836731638208,0.9262970476693676,1.5888807208331885,0.035734690132955285,-0.026087761539151277,0.00964692859380401
121,50,3,-60,0.6776792012062008,0.9304121578779517,1.6080913590841526,0.10959485775680596,0.02641534060922074,0.1360101983660267,0.6625836731638208,0.9262970476693676,1.5888807208331885,0.035734690132955285,-0.026087761539151277,0.00964692859380401
122,50,3,-45,0.6475849113268405,0.9123830859245018,1.5599679972513423,0.10700508852281464,0.02446275137299668,0.13146783989581132,0.6625836731638208,0.9262970476693676,1.5888807208331885,0.035734690132955285,-0.026087761539151277,0.00964692859380401
123,50,3,-30,0.6137472971859589,0.8904222502569097,1.5041695474428687,0.08854005934924743,0.012049684403464633,0.10058974375271205,0.6625836731638208,0.9262970476693676,1.5888807208331885,0.035734690132955285,-0.026087761539151277,0.00964692859380401
124,50,3,-15,0.5927592165305444,0.8765286603447596,1.4692878768753042,0.05994258987867778,-0.00875723972952487,0.05118535014915291,0.6625836731638208,0.9262970476693676,1.5888807208331885,0.035734690132955285,-0.026087761539151277,0.00964692859380401
125,50,4,0,0.5738134121048852,0.8617845464167264,1.4355979585216117,0.01737803910943592,-0.028951837500660337,-0.011573798391224417,0.6568031656307232,0.9279115154120918,1.584714681042815,0.02617042025039548,-0.021283268511465822,0.004887151738929657
126,50,4,180,0.23155439938044406,0.4454861448701176,0.6770405442505617,0.039703836160130894,0.014313351525258384,0.054017187685389274,0.6568031656307232,0.9279115154120918,1.584714681042815,0.02617042025039548,-0.021283268511465822,0.004887151738929657
127,50,4,-180,0.23155439938044406,0.4454861448701176,0.6770405442505617,0.039703836160130894,0.014313351525258384,0.054017187685389274,0.6568031656307232,0.9279115154120918,1.584714681042815,0.02617042025039548,-0.021283268511465822,0.004887151738929657
128,50,4,15,0.5687510116750183,0.8550618416205249,1.4238128532955432,-0.015695733163768245,-0.061415982679845306,-0.07711171584361355,0.6568031656307232,0.9279115154120918,1.584714681042815,0.02617042025039548,-0.021283268511465822,0.004887151738929657
129,50,4,30,0.614159826798453,0.8937632308222948,1.5079230576207476,-0.05496473255458118,-0.09666638341956513,-0.1516311159741463,0.6568031656307232,0.9279115154120918,1.584714681042815,0.02617042025039548,-0.021283268511465822,0.004887151738929657
130,50,4,45,0.6927849151649389,0.9457674267874577,1.6385523419523966,-0.09699538851792469,-0.12419789674328248,-0.22119328526120718,0.6568031656307232,0.9279115154120918,1.584714681042815,0.02617042025039548,-0.021283268511465822,0.004887151738929657
131,50,4,60,0.7623241661401945,0.9901169066096729,1.7524410727498672,-0.10482886749295331,-0.13423611731397453,-0.2390649848069278,0.6568031656307232,0.9279115154120918,1.584714681042815,0.02617042025039548,-0.021283268511465822,0.004887151738929657
132,50,4,75,0.792912472962912,1.0082733025175963,1.8011857754805083,-0.0747946745201045,-0.12391014460617235,-0.19870481912627685,0.6568031656307232,0.9279115154120918,1.584714681042815,0.02617042025039548,-0.021283268511465822,0.004887151738929657
133,50,4,90,0.7727800092815597,1.0103512294546042,1.783131238736164,-0.02528577341471349,-0.09964474536260962,-0.12493051877732311,0.6568031656307232,0.9279115154120918,1.584714681042815,0.02617042025039548,-0.021283268511465822,0.004887151738929657
134,50,4,105,0.7082114854889501,0.9794420662666135,1.6876535517555635,0.018075978098277948,-0.06552549063443251,-0.047449512536154564,0.6568031656307232,0.9279115154120918,1.584714681042815,0.02617042025039548,-0.021283268511465822,0.004887151738929657
135,50,4,120,0.6321430621282925,0.9480847227588758,1.5802277848871684,0.032561420680402735,-0.02726632299133993,0.005295097689062804,0.6568031656307232,0.9279115154120918,1.584714681042815,0.02617042025039548,-0.021283268511465822,0.004887151738929657
136,50,4,135,0.5614273378137016,0.8745678714458675,1.4359952092595691,0.009931523096843217,0.010728978488501743,0.02066050158534496,0.6568031656307232,0.9279115154120918,1.584714681042815,0.02617042025039548,-0.021283268511465822,0.004887151738929657
137,50,4,150,0.4613191332568084,0.7288838027372702,1.1902029359940784,-0.003278107996666045,0.04800474683682268,0.04472663884015664,0.6568031656307232,0.9279115154120918,1.584714681042815,0.02617042025039548,-0.021283268511465822,0.004887151738929657
138,50,4,165,0.2940485613067711,0.5182186806235691,0.8122672419303403,0.026379740831549942,0.058552721591644874,0.08493246242319481,0.6568031656307232,0.9279115154120918,1.584714681042815,0.02617042025039548,-0.021283268511465822,0.004887151738929657
139,50,4,-165,0.36342942128266165,0.5823135593055372,0.9457429805881988,0.051772466368021186,-0.035057683202228705,0.016714783165792484,0.6568031656307232,0.9279115154120918,1.584714681042815,0.02617042025039548,-0.021283268511465822,0.004887151738929657
140,50,4,-150,0.49735181237281345,0.7531517484599224,1.2505035608327357,0.06943739181167682,-0.039023009510770104,0.030414382300906723,0.6568031656307232,0.9279115154120918,1.584714681042815,0.02617042025039548,-0.021283268511465822,0.004887151738929657
141,50,4,-135,0.5555755288660987,0.8357187864569083,1.391294315323007,0.05733856036178542,-0.02235365553193378,0.03498490482985164,0.6568031656307232,0.9279115154120918,1.584714681042815,0.02617042025039548,-0.021283268511465822,0.004887151738929657
142,50,4,-120,0.5998537072738088,0.8793807169249664,1.4792344241987752,0.04525826727966536,-0.008015755948252901,0.03724251133141245,0.6568031656307232,0.9279115154120918,1.584714681042815,0.02617042025039548,-0.021283268511465822,0.004887151738929657
143,50,4,-105,0.6458787703368954,0.9029356485025668,1.5488144188394621,0.050937730522492806,0.005527336582022499,0.056465067104515314,0.6568031656307232,0.9279115154120918,1.584714681042815,0.02617042025039548,-0.021283268511465822,0.004887151738929657
144,50,4,-90,0.6794209929033986,0.9272799885979033,1.6067009815013018,0.06964416591374181,0.018205950391004512,0.08785011630474633,0.6568031656307232,0.9279115154120918,1.584714681042815,0.02617042025039548,-0.021283268511465822,0.004887151738929657
145,50,4,-75,0.6937118335535061,0.9352606540643033,1.6289724876178093,0.09147614973940671,0.03006128751036077,0.1215374372497675,0.6568031656307232,0.9279115154120918,1.584714681042815,0.02617042025039548,-0.021283268511465822,0.004887151738929657
146,50,4,-60,0.6808928578171125,0.9306973635359724,1.611590221353085,0.10481562580168807,0.03677604729180328,0.14159167309349135,0.6568031656307232,0.9279115154120918,1.584714681042815,0.02617042025039548,-0.021283268511465822,0.004887151738929657
147,50,4,-45,0.6468922690145047,0.9088689447810329,1.5557612137955374,0.10222738445515042,0.03477156081173582,0.13699894526688625,0.6568031656307232,0.9279115154120918,1.584714681042815,0.02617042025039548,-0.021283268511465822,0.004887151738929657
148,50,4,-30,0.6067088289826629,0.8838472412478973,1.49055607023056,0.08157340185627451,0.020517949685916408,0.10209135154219091,0.6568031656307232,0.9279115154120918,1.584714681042815,0.02617042025039548,-0.021283268511465822,0.004887151738929657
149,50,4,-15,0.5847734581059655,0.8674224511208137,1.4521959092267793,0.05196701737045672,-0.001244280984529706,0.05072273638592701,0.6568031656307232,0.9279115154120918,1.584714681042815,0.02617042025039548,-0.021283268511465822,0.004887151738929657
150,100,2,0,0.4646102028320398,0.5560288021440245,1.0206390049760643,0.01141095105345279,-0.03926950868663084,-0.027858557633178044,0.5254150305304122,0.593184478538486,1.1185995090688983,0.012589308787314289,-0.03748773726772845,-0.02489842848041416
151,100,2,180,0.15647477385022782,0.25650174572416695,0.4129765195743948,0.064364550817543,0.026413099707622,0.090777650525165,0.5254150305304122,0.593184478538486,1.1185995090688983,0.012589308787314289,-0.03748773726772845,-0.02489842848041416
152,100,2,-180,0.15647477385022782,0.25650174572416695,0.4129765195743948,0.064364550817543,0.026413099707622,0.090777650525165,0.5254150305304122,0.593184478538486,1.1185995090688983,0.012589308787314289,-0.03748773726772845,-0.02489842848041416
153,100,2,15,0.4713507329818677,0.5607092307104709,1.0320599636923384,0.06613868279917696,-0.03821170127286486,0.02792698152631211,0.5254150305304122,0.593184478538486,1.1185995090688983,0.012589308787314289,-0.03748773726772845,-0.02489842848041416
154,100,2,30,0.524358241708282,0.6001516453272768,1.124509887035559,0.00982049660854231,-0.06463829731966106,-0.05481780071111874,0.5254150305304122,0.593184478538486,1.1185995090688983,0.012589308787314289,-0.03748773726772845,-0.02489842848041416
155,100,2,45,0.5898511374103693,0.6387155246582155,1.2285666620685847,-0.049805820567223255,-0.09248506475465486,-0.14229088532187809,0.5254150305304122,0.593184478538486,1.1185995090688983,0.012589308787314289,-0.03748773726772845,-0.02489842848041416
156,100,2,60,0.6603096673369238,0.6646463212262917,1.3249559885632156,-0.08576719826872319,-0.10779577028009518,-0.19356296854881838,0.5254150305304122,0.593184478538486,1.1185995090688983,0.012589308787314289,-0.03748773726772845,-0.02489842848041416
157,100,2,75,0.7038620992041348,0.6920464362289924,1.395908535433127,-0.08071753023430353,-0.11127324212467586,-0.1919907723589794,0.5254150305304122,0.593184478538486,1.1185995090688983,0.012589308787314289,-0.03748773726772845,-0.02489842848041416
158,100,2,90,0.6961411746048607,0.6956904478060245,1.391831622410885,-0.04600367263873511,-0.0988054258547202,-0.1448090984934553,0.5254150305304122,0.593184478538486,1.1185995090688983,0.012589308787314289,-0.03748773726772845,-0.02489842848041416
159,100,2,105,0.6310888197852519,0.6788378491919099,1.3099266689771618,-0.006383131809620792,-0.0768196346920513,-0.0832027665016721,0.5254150305304122,0.593184478538486,1.1185995090688983,0.012589308787314289,-0.03748773726772845,-0.02489842848041416
160,100,2,120,0.5457053759153118,0.6511397961357411,1.196845172051053,0.03227483992367375,-0.04074493867106994,-0.008470098747396194,0.5254150305304122,0.593184478538486,1.1185995090688983,0.012589308787314289,-0.03748773726772845,-0.02489842848041416
161,100,2,135,0.4719975386705932,0.6267827236449575,1.0987802623155507,0.07061539303846581,0.008312242508639931,0.07892763554710573,0.5254150305304122,0.593184478538486,1.1185995090688983,0.012589308787314289,-0.03748773726772845,-0.02489842848041416
162,100,2,150,0.43058669571762676,0.5597670334473669,0.9903537291649935,0.03934386587604337,0.052378019095497226,0.0917218849715406,0.5254150305304122,0.593184478538486,1.1185995090688983,0.012589308787314289,-0.03748773726772845,-0.02489842848041416
163,100,2,165,0.28264899301484825,0.3662244367312643,0.6488734297461126,0.033452841150462716,0.0672817972624402,0.10073463841290292,0.5254150305304122,0.593184478538486,1.1185995090688983,0.012589308787314289,-0.03748773726772845,-0.02489842848041416
164,100,2,-165,0.3528834327815293,0.42219859359691153,0.7750820263784407,0.060345952166449876,-0.04999629720311563,0.010349654963334246,0.5254150305304122,0.593184478538486,1.1185995090688983,0.012589308787314289,-0.03748773726772845,-0.02489842848041416
165,100,2,-150,0.4450965335694287,0.5396294768078356,0.9847260103772643,0.04698865075054223,-0.0494969326536705,-0.002508281903128271,0.5254150305304122,0.593184478538486,1.1185995090688983,0.012589308787314289,-0.03748773726772845,-0.02489842848041416
166,100,2,-135,0.47288371339372887,0.5705157216840212,1.04339943507775,0.019259887156554488,-0.040401418641900395,-0.021141531485345904,0.5254150305304122,0.593184478538486,1.1185995090688983,0.012589308787314289,-0.03748773726772845,-0.02489842848041416
167,100,2,-120,0.4988374282736105,0.5843787538470976,1.0832161821207082,0.010918869434203546,-0.03611034672823395,-0.025191477294030405,0.5254150305304122,0.593184478538486,1.1185995090688983,0.012589308787314289,-0.03748773726772845,-0.02489842848041416
168,100,2,-105,0.5239839092821299,0.5916031150239249,1.1155870243060548,0.017920286366747733,-0.03182564101229118,-0.013905354645543447,0.5254150305304122,0.593184478538486,1.1185995090688983,0.012589308787314289,-0.03748773726772845,-0.02489842848041416
169,100,2,-90,0.5419391333419852,0.6018170426517904,1.1437561759937755,0.030973843756863354,-0.02626056561016273,0.004713278146700624,0.5254150305304122,0.593184478538486,1.1185995090688983,0.012589308787314289,-0.03748773726772845,-0.02489842848041416
170,100,2,-75,0.5511090045431678,0.607169741697857,1.158278746241025,0.04359241158891566,-0.020697909363169276,0.02289450222574638,0.5254150305304122,0.593184478538486,1.1185995090688983,0.012589308787314289,-0.03748773726772845,-0.02489842848041416
171,100,2,-60,0.5481398099248455,0.6071366374696938,1.1552764473945392,0.05122853843451033,-0.016419264267459446,0.03480927416705088,0.5254150305304122,0.593184478538486,1.1185995090688983,0.012589308787314289,-0.03748773726772845,-0.02489842848041416
172,100,2,-45,0.5269098137559314,0.5977350366713694,1.1246448504273008,0.04560871373195826,-0.017431158663242272,0.02817755506871599,0.5254150305304122,0.593184478538486,1.1185995090688983,0.012589308787314289,-0.03748773726772845,-0.02489842848041416
173,100,2,-30,0.4945313321333162,0.5806736267719184,1.0752049589052346,0.02423794819897824,-0.025255521243130585,-0.0010175730441523447,0.5254150305304122,0.593184478538486,1.1185995090688983,0.012589308787314289,-0.03748773726772845,-0.02489842848041416
174,100,2,-15,0.47209430487599313,0.5668997213769733,1.0389940262529664,0.005927515770932761,-0.03438408855348202,-0.028456572782549257,0.5254150305304122,0.593184478538486,1.1185995090688983,0.012589308787314289,-0.03748773726772845,-0.02489842848041416
175,100,3,0,0.4550889175165103,0.5444983448269028,0.9995872623434131,0.006423671756725159,-0.02864941764399484,-0.022225745887269683,0.5134338464144543,0.5806914521255445,1.094125298539999,0.005618551463007326,-0.0274645409236643,-0.021845989460656974
176,100,3,180,0.14640599553046216,0.2482014971320384,0.39460749266250056,0.04257254671358279,0.016291685665076987,0.058864232378659787,0.5134338464144543,0.5806914521255445,1.094125298539999,0.005618551463007326,-0.0274645409236643,-0.021845989460656974
177,100,3,-180,0.14640599553046216,0.2482014971320384,0.39460749266250056,0.04257254671358279,0.016291685665076987,0.058864232378659787,0.5134338464144543,0.5806914521255445,1.094125298539999,0.005618551463007326,-0.0274645409236643,-0.021845989460656974
178,100,3,15,0.45935681647046256,0.5497313593557644,1.009088175826227,0.04997821720158039,-0.029184432900692555,0.020793784300887835,0.5134338464144543,0.5806914521255445,1.094125298539999,0.005618551463007326,-0.0274645409236643,-0.021845989460656974
179,100,3,30,0.5084529333154504,0.5817151367195117,1.090168070034962,0.0001714274444156886,-0.05248904558379814,-0.05231761813938245,0.5134338464144543,0.5806914521255445,1.094125298539999,0.005618551463007326,-0.0274645409236643,-0.021845989460656974
180,100,3,45,0.5668284199624681,0.6170780918349861,1.1839065117974543,-0.05117684490899408,-0.0759663095491698,-0.12714315445816388,0.5134338464144543,0.5806914521255445,1.094125298539999,0.005618551463007326,-0.0274645409236643,-0.021845989460656974
181,100,3,60,0.6222830950938635,0.6368744202765284,1.2591575153703918,-0.08145600917024994,-0.08920418109578128,-0.17066019026603121,0.5134338464144543,0.5806914521255445,1.094125298539999,0.005618551463007326,-0.0274645409236643,-0.021845989460656974
182,100,3,75,0.6527160666921233,0.6552065232416253,1.3079225899337485,-0.0788282973978255,-0.09104706801283097,-0.16987536541065645,0.5134338464144543,0.5806914521255445,1.094125298539999,0.005618551463007326,-0.0274645409236643,-0.021845989460656974
183,100,3,90,0.6389548936926256,0.6514988496873564,1.290453743379982,-0.05113992096219675,-0.08055735669957584,-0.1316972776617726,0.5134338464144543,0.5806914521255445,1.094125298539999,0.005618551463007326,-0.0274645409236643,-0.021845989460656974
184,100,3,105,0.5792679703145307,0.6341013045480952,1.2133692748626257,-0.01458475526661413,-0.0612833111192839,-0.07586806638589803,0.5134338464144543,0.5806914521255445,1.094125298539999,0.005618551463007326,-0.0274645409236643,-0.021845989460656974
185,100,3,120,0.5035764258591148,0.6091509024294649,1.1127273282885797,0.02319743137822977,-0.02981672365860804,-0.00661929228037827,0.5134338464144543,0.5806914521255445,1.094125298539999,0.005618551463007326,-0.0274645409236643,-0.021845989460656974
186,100,3,135,0.4419974685175433,0.587472725940804,1.0294701944583473,0.0547790942289588,0.01275251263215844,0.06753160686111724,0.5134338464144543,0.5806914521255445,1.094125298539999,0.005618551463007326,-0.0274645409236643,-0.021845989460656974
187,100,3,150,0.4041873469970879,0.5264463545616477,0.9306337015587357,0.02199908378351593,0.04757383164530251,0.06957291542881844,0.5134338464144543,0.5806914521255445,1.094125298539999,0.005618551463007326,-0.0274645409236643,-0.021845989460656974
188,100,3,165,0.27028329055638034,0.3550708583193843,0.6253541488757647,0.017527186389706198,0.05917431713738458,0.07670150352709078,0.5134338464144543,0.5806914521255445,1.094125298539999,0.005618551463007326,-0.0274645409236643,-0.021845989460656974
189,100,3,-165,0.32362438804351523,0.3987429747038004,0.7223673627473156,0.04306732760066687,-0.05100979588072483,-0.007942468280057952,0.5134338464144543,0.5806914521255445,1.094125298539999,0.005618551463007326,-0.0274645409236643,-0.021845989460656974
190,100,3,-150,0.4150862775000209,0.5182441454144638,0.9333304229144848,0.0293741455928581,-0.04998738452630249,-0.02061323893344439,0.5134338464144543,0.5806914521255445,1.094125298539999,0.005618551463007326,-0.0274645409236643,-0.021845989460656974
191,100,3,-135,0.44214007134655364,0.5501489819264375,0.9922890532729912,0.0023937743779120584,-0.03659774282595857,-0.03420396844804651,0.5134338464144543,0.5806914521255445,1.094125298539999,0.005618551463007326,-0.0274645409236643,-0.021845989460656974
192,100,3,-120,0.4725170204048452,0.5643532422875029,1.036870262692348,-0.0017751327479161375,-0.027089189905876374,-0.02886432265379251,0.5134338464144543,0.5806914521255445,1.094125298539999,0.005618551463007326,-0.0274645409236643,-0.021845989460656974
193,100,3,-105,0.5040042343461457,0.5728482965299759,1.0768525308761216,0.009278376675184972,-0.019444736073659142,-0.010166359398474168,0.5134338464144543,0.5806914521255445,1.094125298539999,0.005618551463007326,-0.0274645409236643,-0.021845989460656974
194,100,3,-90,0.5275769912773726,0.5856163426845802,1.1131933339619529,0.026308948712862667,-0.012844644245615478,0.013464304467247189,0.5134338464144543,0.5806914521255445,1.094125298539999,0.005618551463007326,-0.0274645409236643,-0.021845989460656974
195,100,3,-75,0.5381066823123323,0.5922651995871872,1.1303718818995196,0.03966013857895558,-0.007672974398019301,0.03198716418093628,0.5134338464144543,0.5806914521255445,1.094125298539999,0.005618551463007326,-0.0274645409236643,-0.021845989460656974
196,100,3,-60,0.5352979158766465,0.5938440166226588,1.1291419324993055,0.04413583022660862,-0.00510854263096821,0.03902728759564041,0.5134338464144543,0.5806914521255445,1.094125298539999,0.005618551463007326,-0.0274645409236643,-0.021845989460656974
197,100,3,-45,0.5171695312387073,0.5867367934839471,1.1039063247226546,0.03654299352553496,-0.0067772758430890085,0.02976571768244595,0.5134338464144543,0.5806914521255445,1.094125298539999,0.005618551463007326,-0.0274645409236643,-0.021845989460656974
198,100,3,-30,0.4843861594408663,0.5689954736676074,1.0533816331084738,0.01324059627923722,-0.0151334451160223,-0.001892848836785081,0.5134338464144543,0.5806914521255445,1.094125298539999,0.005618551463007326,-0.0274645409236643,-0.021845989460656974
199,100,3,-15,0.45911490095696283,0.55268527509955,1.0118001760565127,-0.006122346886068135,-0.02500876741936091,-0.03113111430542904,0.5134338464144543,0.5806914521255445,1.094125298539999,0.005618551463007326,-0.0274645409236643,-0.021845989460656974
200,100,4,0,0.4513965228367782,0.544618029344108,0.9960145521808862,0.004749081642698578,-0.022732087789419965,-0.017983006146721384,0.5085649783953871,0.5806481619810235,1.0892131403764107,0.0036901537781332382,-0.02182322393759711,-0.01813307015946387
201,100,4,180,0.14419259590589453,0.2479139996428372,0.39210659554873173,0.03179966692557858,0.01181036629863621,0.04361003322421479,0.5085649783953871,0.5806481619810235,1.0892131403764107,0.0036901537781332382,-0.02182322393759711,-0.01813307015946387
202,100,4,-180,0.14419259590589453,0.2479139996428372,0.39210659554873173,0.03179966692557858,0.01181036629863621,0.04361003322421479,0.5085649783953871,0.5806481619810235,1.0892131403764107,0.0036901537781332382,-0.02182322393759711,-0.01813307015946387
203,100,4,15,0.4544904949304847,0.5443353701651767,0.9988258650956614,0.042745707291666775,-0.023333617079934643,0.01941209021173213,0.5085649783953871,0.5806481619810235,1.0892131403764107,0.0036901537781332382,-0.02182322393759711,-0.01813307015946387
204,100,4,30,0.5009637383133181,0.5786466294167,1.0796103677300182,-0.0027557742058338915,-0.045403212869438006,-0.0481589870752719,0.5085649783953871,0.5806481619810235,1.0892131403764107,0.0036901537781332382,-0.02182322393759711,-0.01813307015946387
205,100,4,45,0.5566628754373025,0.6078165473865825,1.164479422823885,-0.05060337781804536,-0.06651454311278279,-0.11711792093082814,0.5085649783953871,0.5806481619810235,1.0892131403764107,0.0036901537781332382,-0.02182322393759711,-0.01813307015946387
206,100,4,60,0.6053209978789016,0.6300473098376584,1.23536830771656,-0.07725788374334915,-0.07891742416595696,-0.1561753079093061,0.5085649783953871,0.5806481619810235,1.0892131403764107,0.0036901537781332382,-0.02182322393759711,-0.01813307015946387
207,100,4,75,0.6297137210769378,0.6389879979207888,1.2687017189977265,-0.07546669035181572,-0.07994747495764772,-0.15541416530946342,0.5085649783953871,0.5806481619810235,1.0892131403764107,0.0036901537781332382,-0.02182322393759711,-0.01813307015946387
208,100,4,90,0.6134315337788646,0.6373480653871699,1.2507795991660344,-0.050413919773788764,-0.0705504578216843,-0.12096437759547307,0.5085649783953871,0.5806481619810235,1.0892131403764107,0.0036901537781332382,-0.02182322393759711,-0.01813307015946387
209,100,4,105,0.5570754050497968,0.615193697308778,1.1722691023585747,-0.016738567280488132,-0.05154532043324043,-0.06828388771372856,0.5085649783953871,0.5806481619810235,1.0892131403764107,0.0036901537781332382,-0.02182322393759711,-0.01813307015946387
210,100,4,120,0.48724585545834154,0.596140940761361,1.0833867962197026,0.02095538386390562,-0.022062058211398533,-0.0011066743474929094,0.5085649783953871,0.5806481619810235,1.0892131403764107,0.0036901537781332382,-0.02182322393759711,-0.01813307015946387
211,100,4,135,0.43123350140635225,0.5712822118899518,1.002515713296304,0.04785241645769057,0.01556705957537731,0.06341947603306787,0.5085649783953871,0.5806481619810235,1.0892131403764107,0.0036901537781332382,-0.02182322393759711,-0.01813307015946387
212,100,4,150,0.3948239433851055,0.5170753115123968,0.9118992548975023,0.014340573386724821,0.046631379734289546,0.060971953121014374,0.5085649783953871,0.5806481619810235,1.0892131403764107,0.0036901537781332382,-0.02182322393759711,-0.01813307015946387
213,100,4,165,0.26811878333033057,0.35247854260630346,0.6205973259366341,0.009651104819510743,0.0558300261491832,0.06548113096869394,0.5085649783953871,0.5806481619810235,1.0892131403764107,0.0036901537781332382,-0.02182322393759711,-0.01813307015946387
214,100,4,-165,0.3109301897825057,0.3882565738133616,0.6991867635958673,0.03530438609641659,-0.050803276426568775,-0.015498890330152185,0.5085649783953871,0.5806481619810235,1.0892131403764107,0.0036901537781332382,-0.02182322393759711,-0.01813307015946387
215,100,4,-150,0.40463298083774524,0.5118703082535195,0.9165032890912648,0.02254571098486163,-0.049485473497767885,-0.026939762512906255,0.5085649783953871,0.5806481619810235,1.0892131403764107,0.0036901537781332382,-0.02182322393759711,-0.01813307015946387
216,100,4,-135,0.43215787331583,0.5445059842641713,0.9766638575800012,-0.006063090317656161,-0.034841945493768775,-0.04090503581142494,0.5085649783953871,0.5806481619810235,1.0892131403764107,0.0036901537781332382,-0.02182322393759711,-0.01813307015946387
217,100,4,-120,0.46509148737994965,0.5600878898126401,1.02517937719259,-0.008666457749985253,-0.023233616846091144,-0.0319000745960764,0.5085649783953871,0.5806481619810235,1.0892131403764107,0.0036901537781332382,-0.02182322393759711,-0.01813307015946387
218,100,4,-105,0.5016920313329066,0.5699172990979957,1.0716093304309022,0.006791943562644356,-0.012598094140172962,-0.005806150577528605,0.5085649783953871,0.5806481619810235,1.0892131403764107,0.0036901537781332382,-0.02182322393759711,-0.01813307015946387
219,100,4,-90,0.5297083942752592,0.5844958918852132,1.1142042861604724,0.027438312189042753,-0.00413667888647186,0.023301633302570894,0.5085649783953871,0.5806481619810235,1.0892131403764107,0.0036901537781332382,-0.02182322393759711,-0.01813307015946387
220,100,4,-75,0.5431818151376467,0.5917049741875038,1.1348867893251506,0.04258782558811962,0.002176068241115972,0.04476389382923559,0.5085649783953871,0.5806481619810235,1.0892131403764107,0.0036901537781332382,-0.02182322393759711,-0.01813307015946387
221,100,4,-60,0.5393952007316043,0.5939382363489691,1.1333334370805734,0.04668358255562369,0.004416333220077491,0.05109991577570117,0.5085649783953871,0.5806481619810235,1.0892131403764107,0.0036901537781332382,-0.02182322393759711,-0.01813307015946387
222,100,4,-45,0.5186745003805843,0.5849899088285705,1.1036644092091548,0.03730413612537764,0.0019270302256030425,0.03923116635098068,0.5085649783953871,0.5806481619810235,1.0892131403764107,0.0036901537781332382,-0.02182322393759711,-0.01813307015946387
223,100,4,-30,0.4820102944503905,0.5659167804484377,1.0479270748988283,0.010894219516617473,-0.008138368916410897,0.002755850600206575,0.5085649783953871,0.5806481619810235,1.0892131403764107,0.0036901537781332382,-0.02182322393759711,-0.01813307015946387
224,100,4,-15,0.4543249737896692,0.5471135788517889,1.001438552641458,-0.010897606333806467,-0.019057161956241755,-0.029954768290048225,0.5085649783953871,0.5806481619810235,1.0892131403764107,0.0036901537781332382,-0.02182322393759711,-0.01813307015946387
0,20,16,0,0.8617450759908397,1.5465149482216707,2.4082600242125105,-0.00011918578927543253,9.748596771451116e-06,-0.00010943719250398141,1.0019714033909297,1.6956240313056055,2.697595434696535,-0.00010591360392309044,1.653104196709175e-05,-8.938256195599868e-05
1,20,16,180,0.4221718555664721,0.9114128773914136,1.3335847329578858,-2.948580870093137e-05,1.489817591294614e-05,-1.4587632787985232e-05,1.0019714033909297,1.6956240313056055,2.697595434696535,-0.00010591360392309044,1.653104196709175e-05,-8.938256195599868e-05
2,20,16,-180,0.4221718555664721,0.9114128773914136,1.3335847329578858,-2.948580870093137e-05,1.489817591294614e-05,-1.4587632787985232e-05,1.0019714033909297,1.6956240313056055,2.697595434696535,-0.00010591360392309044,1.653104196709175e-05,-8.938256195599868e-05
3,20,16,15,0.8710881077701064,1.5623667805536234,2.43345488832373,-0.0990366461560441,-0.07967194592016702,-0.17870859207621112,1.0019714033909297,1.6956240313056055,2.697595434696535,-0.00010591360392309044,1.653104196709175e-05,-8.938256195599868e-05
4,20,16,-165,0.48502659893186817,1.0049221360358536,1.4899487349677216,-0.00018363551981851833,-0.038701516525724476,-0.038885152045543,1.0019714033909297,1.6956240313056055,2.697595434696535,-0.00010591360392309044,1.653104196709175e-05,-8.938256195599868e-05
5,20,16,30,0.9077663193352922,1.566110104815145,2.473876424150437,-0.1887768611001589,-0.15227562983169127,-0.34105249093185014,1.0019714033909297,1.6956240313056055,2.697595434696535,-0.00010591360392309044,1.653104196709175e-05,-8.938256195599868e-05
6,20,16,-150,0.630616447914155,1.1898932841367988,1.820509732050954,0.011824104553323904,-0.03886703766654005,-0.027042933113216146,1.0019714033909297,1.6956240313056055,2.697595434696535,-0.00010591360392309044,1.653104196709175e-05,-8.938256195599868e-05
7,20,16,45,0.9819427087324732,1.6425554070810442,2.6244981158135174,-0.2451304433501372,-0.20964143751973402,-0.4547718808698712,1.0019714033909297,1.6956240313056055,2.697595434696535,-0.00010591360392309044,1.653104196709175e-05,-8.938256195599868e-05
8,20,16,-135,0.7861617568967263,1.4068787673505654,2.1930405242472917,0.03551472526920684,0.001587373205212222,0.03710209847441907,1.0019714033909297,1.6956240313056055,2.697595434696535,-0.00010591360392309044,1.653104196709175e-05,-8.938256195599868e-05
9,20,16,60,1.0527475598151956,1.6795175510647058,2.732265110879901,-0.2544900272434854,-0.226718126293722,-0.48120815353720736,1.0019714033909297,1.6956240313056055,2.697595434696535,-0.00010591360392309044,1.653104196709175e-05,-8.938256195599868e-05
10,20,16,-120,0.910800449170396,1.539715849052785,2.450516298223181,0.0667928732772619,0.057770570539314066,0.12456344381657596,1.0019714033909297,1.6956240313056055,2.697595434696535,-0.00010591360392309044,1.653104196709175e-05,-8.938256195599868e-05
11,20,16,75,1.0891889488250608,1.7166452161891832,2.805834165014244,-0.21970130316268655,-0.211381955977387,-0.4310832591400735,1.0019714033909297,1.6956240313056055,2.697595434696535,-0.00010591360392309044,1.653104196709175e-05,-8.938256195599868e-05
12,20,16,-105,1.0094574152942002,1.6453183368931192,2.65477575218732,0.10870269880781004,0.11693584767593103,0.2256385464837411,1.0019714033909297,1.6956240313056055,2.697595434696535,-0.00010591360392309044,1.653104196709175e-05,-8.938256195599868e-05
13,20,16,90,1.0743811729197907,1.688506622250536,2.7628877951703266,-0.16476101680736427,-0.16906201998947964,-0.3338230367968439,1.0019714033909297,1.6956240313056055,2.697595434696535,-0.00010591360392309044,1.653104196709175e-05,-8.938256195599868e-05
14,20,16,-90,1.0744053644711407,1.6885575518323255,2.7629629163034664,0.16458658298973552,0.16921098901621368,0.33379757200594923,1.0019714033909297,1.6956240313056055,2.697595434696535,-0.00010591360392309044,1.653104196709175e-05,-8.938256195599868e-05
15,20,16,105,1.0099068688534918,1.64074740692752,2.650654275781012,-0.10872701768311449,-0.11682482118763013,-0.2255518388707446,1.0019714033909297,1.6956240313056055,2.697595434696535,-0.00010591360392309044,1.653104196709175e-05,-8.938256195599868e-05
16,20,16,-75,1.0896129375934576,1.7103681452336388,2.799981082827096,0.21990502148984417,0.21040920096520932,0.43031422245505346,1.0019714033909297,1.6956240313056055,2.697595434696535,-0.00010591360392309044,1.653104196709175e-05,-8.938256195599868e-05
17,20,16,120,0.9121157056201075,1.5406707787113363,2.452786484331444,-0.06700856005614003,-0.057816407162924535,-0.12482496721906457,1.0019714033909297,1.6956240313056055,2.697595434696535,-0.00010591360392309044,1.653104196709175e-05,-8.938256195599868e-05
18,20,16,-60,1.0537101289110153,1.682051297758729,2.7357614266697445,0.2545485962625432,0.22682125869684555,0.4813698549593887,1.0019714033909297,1.6956240313056055,2.697595434696535,-0.00010591360392309044,1.653104196709175e-05,-8.938256195599868e-05
19,20,16,135,0.7874630077114456,1.4076936406591958,2.1951566483706415,-0.035645868942314564,-0.0015818473455880716,-0.03722771628790263,1.0019714033909297,1.6956240313056055,2.697595434696535,-0.00010591360392309044,1.653104196709175e-05,-8.938256195599868e-05
20,20,16,-45,0.9833789229389346,1.6437777170439898,2.6271566399829243,0.24547294478767095,0.20965035019654715,0.45512329498421816,1.0019714033909297,1.6956240313056055,2.697595434696535,-0.00010591360392309044,1.653104196709175e-05,-8.938256195599868e-05
21,20,16,150,0.630770509899068,1.1908609461907977,1.8216314560898657,-0.012057616685828334,0.03984883267948533,0.027791215993656998,1.0019714033909297,1.6956240313056055,2.697595434696535,-0.00010591360392309044,1.653104196709175e-05,-8.938256195599868e-05
22,20,16,-30,0.9089911757773274,1.5688730346272202,2.4778642104045474,0.1888812667428272,0.15172049739018673,0.34060176413301396,1.0019714033909297,1.6956240313056055,2.697595434696535,-0.00010591360392309044,1.653104196709175e-05,-8.938256195599868e-05
23,20,16,165,0.48605028352583524,1.0066091784326276,1.492659461958463,0.00013560383123292904,0.038783895124268844,0.03891949895550178,1.0019714033909297,1.6956240313056055,2.697595434696535,-0.00010591360392309044,1.653104196709175e-05,-8.938256195599868e-05
24,20,16,-15,0.8728057079159541,1.5651169779702516,2.4379226858862055,0.09918395997136997,0.07972351212172879,0.1789074720930988,1.0019714033909297,1.6956240313056055,2.697595434696535,-0.00010591360392309044,1.653104196709175e-05,-8.938256195599868e-05
25,50,16,0,0.5679361383663878,0.8415807813208689,1.4095169196872568,-9.029152766698512e-05,2.1234121465039043e-05,-6.905740620194608e-05,0.6520361567752346,0.909497925116132,1.5615340818913666,-8.629253690488091e-05,2.4620811330080103e-05,-6.167172557480082e-05
26,50,16,180,0.22677465812950823,0.43492080312790526,0.6616954612574135,-2.54242000180171e-05,2.4171637883488434e-05,-1.2525621345286643e-06,0.6520361567752346,0.909497925116132,1.5615340818913666,-8.629253690488091e-05,2.4620811330080103e-05,-6.167172557480082e-05
27,50,16,-180,0.22677465812950823,0.43492080312790526,0.6616954612574135,-2.54242000180171e-05,2.4171637883488434e-05,-1.2525621345286643e-06,0.6520361567752346,0.909497925116132,1.5615340818913666,-8.629253690488091e-05,2.4620811330080103e-05,-6.167172557480082e-05
28,50,16,15,0.5688223130895234,0.8483034861170706,1.417125799206594,-0.03413193619404266,-0.02972153627024364,-0.0638534724642863,0.6520361567752346,0.909497925116132,1.5615340818913666,-8.629253690488091e-05,2.4620811330080103e-05,-6.167172557480082e-05
29,50,16,-165,0.320361329738268,0.5384377245939636,0.8587990543322315,0.012761730886462326,-0.04375930782843954,-0.030997576941977217,0.6520361567752346,0.909497925116132,1.5615340818913666,-8.629253690488091e-05,2.4620811330080103e-05,-6.167172557480082e-05
30,50,16,30,0.5970576732335704,0.8576643432499634,1.454722016483534,-0.06878905823549769,-0.05739967585993271,-0.1261887340954304,0.6520361567752346,0.909497925116132,1.5615340818913666,-8.629253690488091e-05,2.4620811330080103e-05,-6.167172557480082e-05
31,50,16,-150,0.4634647965375961,0.7096578856117692,1.1731226821493654,0.035692876946306185,-0.04110394129310346,-0.005411064346797281,0.6520361567752346,0.909497925116132,1.5615340818913666,-8.629253690488091e-05,2.4620811330080103e-05,-6.167172557480082e-05
32,50,16,45,0.6602765631087606,0.9123321563427124,1.5726087194514728,-0.09877130303492129,-0.07923013179814391,-0.17800143483306521,0.6520361567752346,0.909497925116132,1.5615340818913666,-8.629253690488091e-05,2.4620811330080103e-05,-6.167172557480082e-05
33,50,16,-135,0.5410096684743285,0.8307888029396936,1.3717984714140223,0.02398987020608204,-0.016176202838369503,0.007813667367712537,0.6520361567752346,0.909497925116132,1.5615340818913666,-8.629253690488091e-05,2.4620811330080103e-05,-6.167172557480082e-05
34,50,16,60,0.7122298294921342,0.9356680907186185,1.6478979202107527,-0.10441124492228018,-0.08397065727110187,-0.18838190219338205,0.6520361567752346,0.909497925116132,1.5615340818913666,-8.629253690488091e-05,2.4620811330080103e-05,-6.167172557480082e-05
35,50,16,-120,0.5978674535840219,0.8791209760578405,1.4769884296418625,0.008000782651206816,0.008756373926634451,0.016757156577841267,0.6520361567752346,0.909497925116132,1.5615340818913666,-8.629253690488091e-05,2.4620811330080103e-05,-6.167172557480082e-05
36,50,16,75,0.7313487944958774,0.953636047173921,1.6849848416697983,-0.08256551010953214,-0.07543740584228681,-0.15800291595181898,0.6520361567752346,0.909497925116132,1.5615340818913666,-8.629253690488091e-05,2.4620811330080103e-05,-6.167172557480082e-05
37,50,16,-105,0.6602205405687923,0.9200276161510916,1.580248156719884,0.016892680194982877,0.03346699957420017,0.05035967976918305,0.6520361567752346,0.909497925116132,1.5615340818913666,-8.629253690488091e-05,2.4620811330080103e-05,-6.167172557480082e-05
38,50,16,90,0.7113742125180722,0.9372316288795532,1.6486058413976254,-0.04798187945459924,-0.05623746280349845,-0.1042193422580977,0.6520361567752346,0.909497925116132,1.5615340818913666,-8.629253690488091e-05,2.4620811330080103e-05,-6.167172557480082e-05
39,50,16,-90,0.711389491392609,0.9372621866286268,1.648651678021236,0.047810144904805355,0.056366823941243545,0.1041769688460489,0.6520361567752346,0.909497925116132,1.5615340818913666,-8.629253690488091e-05,2.4620811330080103e-05,-6.167172557480082e-05
40,50,16,105,0.6604140729795921,0.9175320666434108,1.577946139623003,-0.016846283345972726,-0.03352139236755126,-0.050367675713523984,0.6520361567752346,0.909497925116132,1.5615340818913666,-8.629253690488091e-05,2.4620811330080103e-05,-6.167172557480082e-05
41,50,16,-75,0.7315932564884666,0.9499894891177995,1.6815827456062662,0.08268875969746252,0.07509719623593357,0.1577859559333961,0.6520361567752346,0.909497925116132,1.5615340818913666,-8.629253690488091e-05,2.4620811330080103e-05,-6.167172557480082e-05
42,50,16,120,0.5984887944818527,0.8793501591758927,1.4778389536577454,-0.008070810826167249,-0.00873060355824901,-0.01680141438441626,0.6520361567752346,0.909497925116132,1.5615340818913666,-8.629253690488091e-05,2.4620811330080103e-05,-6.167172557480082e-05
43,50,16,-60,0.7127187534773125,0.9368038203925223,1.649522573869835,0.10434350857850025,0.0839854268498208,0.18832893542832105,0.6520361567752346,0.909497925116132,1.5615340818913666,-8.629253690488091e-05,2.4620811330080103e-05,-6.167172557480082e-05
44,50,16,135,0.541646288246696,0.8309517776014197,1.3725980658481156,-0.023984930036648467,0.016200547178464843,-0.007784382858183626,0.6520361567752346,0.909497925116132,1.5615340818913666,-8.629253690488091e-05,2.4620811330080103e-05,-6.167172557480082e-05
45,50,16,-45,0.6610099490865281,0.9126479197498066,1.5736578688363347,0.0988573740281454,0.07917614644144713,0.17803352046959253,0.6520361567752346,0.909497925116132,1.5615340818913666,-8.629253690488091e-05,2.4620811330080103e-05,-6.167172557480082e-05
46,50,16,150,0.46348618696194754,0.7105593392094417,1.1740455261713891,-0.03578256393983733,0.04177152625119901,0.0059889623113616765,0.6520361567752346,0.909497925116132,1.5615340818913666,-8.629253690488091e-05,2.4620811330080103e-05,-6.167172557480082e-05
47,50,16,-30,0.5977095718804748,0.8592533462017931,1.4569629180822679,0.06862812075704317,0.0569448746945533,0.12557299545159648,0.6520361567752346,0.909497925116132,1.5615340818913666,-8.629253690488091e-05,2.4620811330080103e-05,-6.167172557480082e-05
48,50,16,165,0.3209307224626735,0.5391099950735836,0.8600407175362571,-0.01279564998793407,0.04384145724386585,0.031045807255931788,0.6520361567752346,0.909497925116132,1.5615340818913666,-8.629253690488091e-05,2.4620811330080103e-05,-6.167172557480082e-05
49,50,16,-15,0.5696779300635855,0.849373007334648,1.4190509373982334,0.034120782615630785,0.029692608267787256,0.06381339088341803,0.6520361567752346,0.909497925116132,1.5615340818913666,-8.629253690488091e-05,2.4620811330080103e-05,-6.167172557480082e-05
50,100,16,0,0.4483534803248612,0.5329857128634075,0.9813391931882687,-7.498387791645214e-05,2.4372402294902275e-05,-5.061147562154987e-05,0.50475289919845,0.5687599243518313,1.0735128235502815,-7.43384727912259e-05,2.7476000079566917e-05,-4.686247271165898e-05
51,100,16,180,0.14150376863532282,0.24240672931603974,0.38391049795136256,-2.3350474771506938e-05,2.6199704759924387e-05,2.8492299884174497e-06,0.50475289919845,0.5687599243518313,1.0735128235502815,-7.43384727912259e-05,2.7476000079566917e-05,-4.686247271165898e-05
52,100,16,-180,0.14150376863532282,0.24240672931603974,0.38391049795136256,-2.3350474771506938e-05,2.6199704759924387e-05,2.8492299884174497e-06,0.50475289919845,0.5687599243518313,1.0735128235502815,-7.43384727912259e-05,2.7476000079566917e-05,-4.686247271165898e-05
53,100,16,15,0.44805299579230373,0.5375286315590225,0.9855816273513263,0.02535019933567709,-0.0025126261964549066,0.022837573139222186,0.50475289919845,0.5687599243518313,1.0735128235502815,-7.43384727912259e-05,2.7476000079566917e-05,-4.686247271165898e-05
54,100,16,-165,0.2809403055458137,0.36131227856767606,0.6422525841134897,0.012699087500861355,-0.05089265784260919,-0.038193570341747834,0.50475289919845,0.5687599243518313,1.0735128235502815,-7.43384727912259e-05,2.7476000079566917e-05,-4.686247271165898e-05
55,100,16,30,0.48432759042180856,0.5543303005913478,1.0386578910131563,-0.008253316982509588,-0.01855201689926353,-0.026805333881773117,0.50475289919845,0.5687599243518313,1.0735128235502815,-7.43384727912259e-05,2.7476000079566917e-05,-4.686247271165898e-05
56,100,16,-150,0.3846074692781506,0.49233117420001377,0.8769386434781644,0.004398278683333146,-0.04586896389490213,-0.041470685211568985,0.50475289919845,0.5687599243518313,1.0735128235502815,-7.43384727912259e-05,2.7476000079566917e-05,-4.686247271165898e-05
57,100,16,45,0.5327106931217447,0.5882646809376293,1.1209753740593742,-0.044716172811098916,-0.034390709399114636,-0.07910688221021354,0.50475289919845,0.5687599243518313,1.0735128235502815,-7.43384727912259e-05,2.7476000079566917e-05,-4.686247271165898e-05
58,100,16,-135,0.4182082608637115,0.5428049362324051,0.9610131970961167,-0.028072640130229812,-0.02582002472768436,-0.05389266485791417,0.50475289919845,0.5687599243518313,1.0735128235502815,-7.43384727912259e-05,2.7476000079566917e-05,-4.686247271165898e-05
59,100,16,60,0.565122278972523,0.5962962759858187,1.1614185549583418,-0.06220972021203321,-0.041074962361065295,-0.1032846825730985,0.50475289919845,0.5687599243518313,1.0735128235502815,-7.43384727912259e-05,2.7476000079566917e-05,-4.686247271165898e-05
60,100,16,-120,0.4605358362888873,0.5561866838475716,1.016722520136459,-0.019848327544549293,-0.0029129683600268943,-0.02276129590457619,0.50475289919845,0.5687599243518313,1.0735128235502815,-7.43384727912259e-05,2.7476000079566917e-05,-4.686247271165898e-05
61,100,16,75,0.5753565784331043,0.6025122314432158,1.1778688098763201,-0.059139685021767786,-0.04047959554994714,-0.09961928057171492,0.50475289919845,0.5687599243518313,1.0735128235502815,-7.43384727912259e-05,2.7476000079566917e-05,-4.686247271165898e-05
62,100,16,-105,0.5131078970910021,0.5766960264341656,1.0898039235251678,0.010541073796489728,0.017860087601072654,0.02840116139756238,0.50475289919845,0.5687599243518313,1.0735128235502815,-7.43384727912259e-05,2.7476000079566917e-05,-4.686247271165898e-05
63,100,16,90,0.5566552360000342,0.5889242190218021,1.1455794550218363,-0.04014473354968179,-0.03210397117677029,-0.07224870472645208,0.50475289919845,0.5687599243518313,1.0735128235502815,-7.43384727912259e-05,2.7476000079566917e-05,-4.686247271165898e-05
64,100,16,-90,0.556670514874571,0.588939497896339,1.14561001277091,0.039989143677315146,0.032239698512239054,0.07222884218955421,0.50475289919845,0.5687599243518313,1.0735128235502815,-7.43384727912259e-05,2.7476000079566917e-05,-4.686247271165898e-05
65,100,16,105,0.51321484921276,0.5753540319540148,1.0885688811667749,-0.010473592100618765,-0.017903454139966333,-0.0283770462405851,0.50475289919845,0.5687599243518313,1.0735128235502815,-7.43384727912259e-05,2.7476000079566917e-05,-4.686247271165898e-05
66,100,16,-75,0.5755475643648146,0.6002204002626925,1.175767964627507,0.05927744954050813,0.04033240905857575,0.09960985859908388,0.50475289919845,0.5687599243518313,1.0735128235502815,-7.43384727912259e-05,2.7476000079566917e-05,-4.686247271165898e-05
67,100,16,120,0.4609101687150395,0.5562223345548243,1.0171325032698637,0.019773079087455445,0.0029447229542725896,0.022717802041728036,0.50475289919845,0.5687599243518313,1.0735128235502815,-7.43384727912259e-05,2.7476000079566917e-05,-4.686247271165898e-05
68,100,16,-60,0.5654609606914226,0.5969379887163653,1.1623989494077878,0.06213281654353121,0.04109940856032421,0.10323222510385541,0.50475289919845,0.5687599243518313,1.0735128235502815,-7.43384727912259e-05,2.7476000079566917e-05,-4.686247271165898e-05
69,100,16,135,0.41861060455984783,0.5428711446887313,0.9614817492485792,0.028145214784279716,0.0258256269816812,0.05397084176596092,0.50475289919845,0.5687599243518313,1.0735128235502815,-7.43384727912259e-05,2.7476000079566917e-05,-4.686247271165898e-05
70,100,16,-45,0.5331919776696546,0.5883665401012081,1.1215585177708627,0.04476659309707043,0.03436346207285731,0.07913005516992773,0.50475289919845,0.5687599243518313,1.0735128235502815,-7.43384727912259e-05,2.7476000079566917e-05,-4.686247271165898e-05
71,100,16,150,0.3846252946317769,0.4932784644212967,0.8779037590530736,-0.004441059532036247,0.04622598026324587,0.041784920731209624,0.50475289919845,0.5687599243518313,1.0735128235502815,-7.43384727912259e-05,2.7476000079566917e-05,-4.686247271165898e-05
72,100,16,-30,0.48472993411794485,0.5556162725315302,1.040346206649475,0.008224923740661994,0.018265665325652592,0.026490589066314588,0.50475289919845,0.5687599243518313,1.0735128235502815,-7.43384727912259e-05,2.7476000079566917e-05,-4.686247271165898e-05
73,100,16,165,0.2814343224891709,0.3617528194501544,0.6431871419393252,-0.012698374486716303,0.050981275314922754,0.03828290082820645,0.50475289919845,0.5687599243518313,1.0735128235502815,-7.43384727912259e-05,2.7476000079566917e-05,-4.686247271165898e-05
74,100,16,-15,0.44867179021104503,0.5381015893541534,0.9867733795651985,-0.02544571776632312,0.0024601610877745496,-0.02298555667854857,0.50475289919845,0.5687599243518313,1.0735128235502815,-7.43384727912259e-05,2.7476000079566917e-05,-4.686247271165898e-05
